Name,"Screen name","Twitter ID",Location,Biography,"Created date",Followers,Following,Tweets,Favorites,Website,"Time zone",Geo-enabled,Verified,Language,Protected,"Profile image URL"
gypsycrusaderr,gypsycrusaderr1,"ID 1621348467791495168",," Investigative journalist
Crusader Waffen 
Deus Vult🗡🛡⛪🏴‍☠️","Fri Feb 03 03:23:14 +0000 2023",9281,37,40,63,,,Disabled,"Not verified",,"Not protected",https://pbs.twimg.com/profile_images/1621350501034893313/ChCnEMd3_normal.jpg
Mateo,oaxacangroyper,"ID 1591255448203628545","Northern California, USA"," America First Christian ✝️ 🇺🇲, Incel, Muay Thai/Boxing/Fitness 🥊🏋🏻‍♂️","Sat Nov 12 02:24:10 +0000 2022",469,284,968,17523,,,Disabled,"Not verified",,"Not protected",https://pbs.twimg.com/profile_images/1592318541423792129/xZc65ClL_normal.jpg
"computerspilleren YE24🧃",pudwn97,"ID 1448368776383275013",," I forgot what fear is. Juicer baby! #LoveSpeech","Wed Oct 13 19:23:54 +0000 2021",158,525,190,2947,,,Disabled,"Not verified",,"Not protected",https://pbs.twimg.com/profile_images/1620411127636148226/6lK71j4w_normal.jpg
"I,Hypocrite",lporiginalg,"ID 110835004",Olympia," Humble cringe addict & recovering thot enabler.","Tue Feb 02 23:00:54 +0000 2010",232209,859,39438,13170,https://wlo.link/@lporiginalg,,Enabled,"Not verified",,"Not protected",https://pbs.twimg.com/profile_images/1478064605897261058/aPM43m8i_normal.jpg
"Ye's Side Matter",YandhiToday,"ID 1489525480822906882",," “I dream of a world where dads can still be heroes” -Ye","Fri Feb 04 09:05:44 +0000 2022",1501,1251,3276,4817,,,Enabled,"Not verified",,"Not protected",https://pbs.twimg.com/profile_images/1609438235809259521/yaXsvUcv_normal.jpg
yevisions,yevisions,"ID 1533500474510434304",," ","Sun Jun 05 17:26:38 +0000 2022",118,27,0,3,,,Disabled,"Not verified",,"Not protected",https://pbs.twimg.com/profile_images/1607357917262479361/5wyYe6Z7_normal.jpg
"Donda's Glory",dondasglory,"ID 1277875456818249729",," ye²⁴","Tue Jun 30 08:03:57 +0000 2020",3419,135,805,2336,http://dondasglory.com,,Enabled,"Not verified",,"Not protected",https://pbs.twimg.com/profile_images/1542250915800940550/OMI2-kRu_normal.jpg
"Doffy Chan❤️‍🔥",ChiefDoofster,"ID 1601409176923684864",," Based Schizophrenic 😵‍💫 | Lifter 💪 | Incel 🤓| Catholic ✝️ | Married 🤵‍♂️👰‍♀️ |Programmer 👨‍💻| Lawyer 📚| Knitter 🧵","Sat Dec 10 02:51:22 +0000 2022",566,836,1529,1417,https://youtube.com/@doffy-chan3941,,Disabled,"Not verified",,"Not protected",https://pbs.twimg.com/profile_images/1621683371318411264/mCOG8Xd7_normal.jpg
KaseyYe,kaseywest112,"ID 2852451972",," ","Sun Oct 12 00:32:37 +0000 2014",212,137,6079,30756,,,Enabled,"Not verified",,"Not protected",https://pbs.twimg.com/profile_images/1243200342629724172/_Hkk1YMs_normal.jpg
"Donda Times",dondatimes,"ID 1415777731535458304",," ","Thu Jul 15 20:59:06 +0000 2021",52542,267,4186,14532,https://freedove.bigcartel.com/product/chitown-bear,,Enabled,"Not verified",,"Not protected",https://pbs.twimg.com/profile_images/1488631918249787394/xyzvUozY_normal.jpg
"High IQ Groyper",HighIQ_Groyper,"ID 1248418086312538120",," YE24","Fri Apr 10 01:10:48 +0000 2020",74,134,239,21092,,,Disabled,"Not verified",,"Not protected",https://pbs.twimg.com/profile_images/1430390899582767108/Tp7HLN3z_normal.jpg
"Ye Streams",kanyestreams1,"ID 1402724741333520390",," ","Wed Jun 09 20:30:31 +0000 2021",40838,1123,37517,85859,,,Disabled,"Not verified",,"Not protected",https://pbs.twimg.com/profile_images/1603199150090223616/LOAhPLuA_normal.jpg
RabbiLampshade,Lampshade6Rabbi,"ID 1582127320655085593",," Catholic, American.","Mon Oct 17 21:52:12 +0000 2022",174,133,691,2310,,,Disabled,"Not verified",,"Not protected",https://pbs.twimg.com/profile_images/1621399108756832256/giMwNi0w_normal.jpg
"Isaac Riddle",Isaac_Riddly,"ID 2826677387",," ","Mon Oct 13 02:18:41 +0000 2014",321,956,490,38816,,,Disabled,"Not verified",,"Not protected",https://pbs.twimg.com/profile_images/1586151529228156929/eFz7OivT_normal.jpg
ThatShitHurted,ThatShitHurted0,"ID 1601401737197195265",," ","Sat Dec 10 02:21:53 +0000 2022",316,884,815,617,,,Disabled,"Not verified",,"Not protected",https://pbs.twimg.com/profile_images/1601404357869608960/h8Gyv8cv_normal.jpg
"mr goober",Goober30000,"ID 1600707209104527360",," you know it","Thu Dec 08 04:22:02 +0000 2022",238,145,468,2087,,,Disabled,"Not verified",,"Not protected",https://pbs.twimg.com/profile_images/1621174049769508868/_Ff-Fbxp_normal.jpg
applejuicegroyper🧃,groyper_black,"ID 1603957849222168578",," i love creyeating","Sat Dec 17 03:38:54 +0000 2022",201,60,225,866,,,Disabled,"Not verified",,"Not protected",https://pbs.twimg.com/profile_images/1620883520536158226/-Ns4Wfud_normal.jpg
Yejano,Yejano8000,"ID 1608181242276777987",," Oh yea, we are gonna win :)","Wed Dec 28 19:21:08 +0000 2022",88,79,265,2066,,,Disabled,"Not verified",,"Not protected",https://pbs.twimg.com/profile_images/1608195118770839553/nFPLFZwu_normal.jpg
GattinoZoomer,GattinoZoomer3,"ID 1614518861960814592",," ","Sun Jan 15 07:04:38 +0000 2023",11,59,70,620,,,Disabled,"Not verified",,"Not protected",https://pbs.twimg.com/profile_images/1614518959142739970/W_G0wiXS_normal.jpg
"Stew Peters",realstewpeters,"ID 1288319695658135552","Minneapolis, MN"," The People’s Bullhorn - The Stew Peters Show ✝️🇺🇸 #DiedSuddenly","Wed Jul 29 03:45:36 +0000 2020",163101,100,9427,1229,http://StewPeters.com,,Enabled,"Not verified",,"Not protected",https://pbs.twimg.com/profile_images/1610404178425270276/WFvuDh4x_normal.jpg
"Student of Ye",studentofye,"ID 1603957237205999618",," Ye’s Top Student #ye24","Sat Dec 17 03:36:35 +0000 2022",109,382,143,6917,,,Disabled,"Not verified",,"Not protected",https://pbs.twimg.com/profile_images/1603957896928145408/Gw-bzsiI_normal.jpg
hardwood,hwgrouper,"ID 1600714467590946816",," humble wood merchant #Ye24","Thu Dec 08 04:50:50 +0000 2022",227,207,140,232,,,Disabled,"Not verified",,"Not protected",https://pbs.twimg.com/profile_images/1617937332564365312/9fE8wrcG_normal.jpg
"Richard Percival",DontBanPlsElon,"ID 1596539738672058369",," ","Sat Nov 26 16:22:05 +0000 2022",27,9,744,1279,,,Disabled,"Not verified",,"Not protected",https://pbs.twimg.com/profile_images/1596542230239617025/RnCk6d0t_normal.jpg
j.i.compton,ji_abotticus,"ID 1390415719670722566","Georgia, USA"," #YE24","Thu May 06 21:18:42 +0000 2021",55,510,141,12563,,,Disabled,"Not verified",,"Not protected",https://pbs.twimg.com/profile_images/1618094683489435648/k9QYTBrG_normal.jpg
Deskpx,deskpoo,"ID 1617889603511373828",," RAD TRAD SSPX LOVING CATHOLIC HITLER FANBOY. MATERIAL SCHISMATIC","Tue Jan 24 14:18:47 +0000 2023",9,70,31,68,http://cozy.tv/nick,,Disabled,"Not verified",,"Not protected",https://pbs.twimg.com/profile_images/1618107538440093698/XAYQ77mn_normal.jpg
Tim,TlMSTER,"ID 1618076378045243394",," ","Wed Jan 25 02:41:27 +0000 2023",84,108,13,754,,,Disabled,"Not verified",,"Not protected",https://pbs.twimg.com/profile_images/1618077410678677504/oRzPahb2_normal.jpg
"Sam Hyde 🇮🇳 😷 (World Crisis Connoisseur)",wigger,"ID 548258435","COM98, 1TEAMistan"," I will not litter.","Sun Apr 08 08:29:42 +0000 2012",116730,1281,2291,4816,https://www.youtube.com/watch?v=GeOSWLGKuaE,,Disabled,"Not verified",,"Not protected",https://pbs.twimg.com/profile_images/1481021073181265922/TBVzFzJZ_normal.jpg
"lil gloop",realditcel545,"ID 1577710165952196608",," radical hardened male feminist ~ ACAB ~ BLM ~ they/them","Wed Oct 05 17:19:58 +0000 2022",240,135,987,8489,https://open.spotify.com/artist/3VxYHPB0HYnKQdsZXVcldW?si=ez_rd08nStqhc-5JnI5HdA,,Disabled,"Not verified",,"Not protected",https://pbs.twimg.com/profile_images/1614164716271849473/j3Ld_Kq5_normal.jpg
MassHoleGroyper,MassHoleGroyp,"ID 1608131901134442499",," #YE24","Wed Dec 28 16:05:20 +0000 2022",115,338,955,5520,,,Disabled,"Not verified",,"Not protected",https://pbs.twimg.com/profile_images/1608140692127207430/DY8DHTgS_normal.jpg
cenzz,cenzz19,"ID 1601404943511957504",Antarctica," YE24 + AF = Winning for God again","Sat Dec 10 02:34:46 +0000 2022",166,589,294,5475,,,Disabled,"Not verified",,"Not protected",https://pbs.twimg.com/profile_images/1601407149803831296/1m2pd_Om_normal.jpg
"Rock Muncher YE24",Rock_Muncher_,"ID 1140448134268669952","Ohio, USA"," YE24","Mon Jun 17 02:36:38 +0000 2019",68,457,1052,22686,,,Disabled,"Not verified",,"Not protected",https://pbs.twimg.com/profile_images/1618372262507282432/C4Ywok7p_normal.jpg
"Fat Groyper",yalikejazz1,"ID 897335219082203144","Washington, DC"," Fat","Tue Aug 15 05:52:42 +0000 2017",59,169,106,2260,,,Disabled,"Not verified",,"Not protected",https://pbs.twimg.com/profile_images/914665485588975616/husEI2vU_normal.jpg
YEisRIGHT,YEisRIGHT2024,"ID 1615187395602776064",," Ye 2024","Tue Jan 17 03:21:08 +0000 2023",996,20,50,123,https://rumble.com/c/YEisRIGHT,,Disabled,"Not verified",,"Not protected",https://pbs.twimg.com/profile_images/1616126295917707266/4jXwWbfs_normal.jpg
E,ElijahSchaffer,"ID 350822109",Dallas," Reporter. Podcaster. Streamer. Film Producer. Traveling Full Time - Business Contact Elijah@slightlyoffensive.com","Mon Aug 08 10:58:53 +0000 2011",571070,862,31522,9160,http://slightlyoffensive.com,,Enabled,Verified,,"Not protected",https://pbs.twimg.com/profile_images/1612694204282736640/qhJ22nuL_normal.jpg
"Catholic Manhood ❤️‍🔥",bethecreed,"ID 1480342432004947972","Grow in Virtue ⮕"," Catholic | Husband | Father | Restorationist 🇻🇦","Mon Jan 10 00:55:19 +0000 2022",10995,627,1534,3577,https://thecenacle.crd.co/,,Disabled,"Not verified",,"Not protected",https://pbs.twimg.com/profile_images/1607960827797114882/E5LmwjiW_normal.jpg
"Jackson Hinkle 🇺🇸",jacksonhinklle,"ID 1151913018936053760","United States"," The most censored man on YouTube | subscribe: https://t.co/Gz1QXxS1XX thedivewithjackson@gmail.com","Thu Jul 18 17:53:59 +0000 2019",113421,916,8932,5583,https://linktr.ee/jacksonhinkle,,Enabled,"Not verified",,"Not protected",https://pbs.twimg.com/profile_images/1567704552283193345/wMLFemzm_normal.jpg
"Paul 🧃🧇",PaulAllenHost,"ID 1591347857948385280",," ","Sat Nov 12 08:31:33 +0000 2022",1047,445,1477,2952,,,Disabled,"Not verified",,"Not protected",https://pbs.twimg.com/profile_images/1591348377450680325/zBlgoMoq_normal.jpg
"Joey McDamus",Joeyguardian,"ID 1603841948447608835","Oklahoma City, OK"," 🪐 🐸","Fri Dec 16 19:58:56 +0000 2022",228,201,491,1534,,,Disabled,"Not verified",,"Not protected",https://pbs.twimg.com/profile_images/1618114994373103619/YV4Tm0J8_normal.jpg
RAMZPAUL,ramzpaul,"ID 53979469","Arkansas, USA"," A proud hillbilly. 
YouTube channel: https://t.co/f0ZX2xXOPr 
Rumble: https://t.co/aVLC1hv48m
Support me at: https://t.co/KWorW8Y8Cp","Sun Jul 05 19:12:52 +0000 2009",111888,296,80029,40468,http://www.ramzpaul.com,,Enabled,Verified,,"Not protected",https://pbs.twimg.com/profile_images/1591074150696865792/4tQhJQFu_normal.jpg
yzyupdates,yzyupdates,"ID 1102712310","United States"," daily news & updates about @kanyewest | @yzy_media","Sat Jan 19 03:58:48 +0000 2013",61741,1893,40989,80744,http://instagram.com/yzyupdates,,Enabled,"Not verified",,"Not protected",https://pbs.twimg.com/profile_images/1603199513098862597/HyovLFHP_normal.jpg
"Baby ➐",drugcel,"ID 913331707","Briargate, Colorado "," Nothing Gold Can Stay","Mon Oct 29 21:59:13 +0000 2012",2340,268,4157,73738,,,Disabled,"Not verified",,"Not protected",https://pbs.twimg.com/profile_images/1299246535113228288/YteaNg-0_normal.jpg
FubstheFish,FubstheFish,"ID 1511743429667131396",," LDS
#YE24
NJFG4L
Fe/Fi/Fo/Fum","Wed Apr 06 16:31:47 +0000 2022",693,253,4102,12980,,,Disabled,"Not verified",,"Not protected",https://pbs.twimg.com/profile_images/1579590510519283712/ZV3_bscj_normal.jpg
Mike,Axumite_Groyper,"ID 1320174609946165256",," Byzantine Catholicism and
St. Gregory Palamas Enjoyer ☦️

St. Kaleb of Axum pray for us.
May Our Lord and Lady Keep you! 🙏

- NJFG4L  🐸
- YE24 ✝","Sun Oct 25 01:25:43 +0000 2020",37,96,636,862,http://Cozy.tv,,Disabled,"Not verified",,Protected,https://pbs.twimg.com/profile_images/1597029804708364288/Nc7F0eO__normal.jpg
"Lancevideos 🍊",lancevideos,"ID 1305792305539026948","Dallas, TX"," Texan-American Nationalist!","Tue Sep 15 08:56:30 +0000 2020",1099,221,1274,1302,,,Disabled,"Not verified",,"Not protected",https://pbs.twimg.com/profile_images/1606002190514065417/tWumVmXy_normal.jpg
"Anthony Cumia",AnthonyCumia,"ID 19222164","New York, New York"," The Anthony Cumia Show™","Tue Jan 20 05:53:07 +0000 2009",224104,1407,8093,102,http://www.CompoundMedia.com,,Enabled,"Not verified",,"Not protected",https://pbs.twimg.com/profile_images/712839804942204928/qnCGVmwB_normal.jpg
"Father V",father_rmv,"ID 120616455",," Fr. R.M. Vierling / “I am a Catholic man and a priest. In that Faith have I lived and in that Faith I intend to die.’ (St. Edmund Campion)","Sun Mar 07 01:04:58 +0000 2010",36099,6811,5219,67284,,,Disabled,"Not verified",,"Not protected",https://pbs.twimg.com/profile_images/1104703651791228928/6HN7DKGF_normal.jpg
💿SMILEY💿,SmileyWaffen,"ID 1603967348838383616","TPUSA HQ"," just generally being based as hell 🐸 🧃🍃 #YE24","Sat Dec 17 04:16:42 +0000 2022",528,694,41,320,,,Disabled,"Not verified",,"Not protected",https://pbs.twimg.com/profile_images/1603968252002160641/0W1Jewq8_normal.jpg
"Jon Miller",MillerStream,"ID 29658469","Lost Angeles, CA / DC"," Gamer Jon’s Official Twitter Account • The King has Returned • Telegram: https://t.co/5U9eyVCLKX • I’m not here to make friends","Wed Apr 08 06:48:05 +0000 2009",92709,2092,12376,5689,http://instagram.com/gamerjon1776,,Enabled,"Not verified",,"Not protected",https://pbs.twimg.com/profile_images/1609332952445652993/wtiDW_3n_normal.jpg
"Vincent James",_VincentJamesAF,"ID 1605822643458174976",," Treasurer of America First Foundation, Founder of Daily Veracity, Cozy Streamer","Thu Dec 22 07:09:15 +0000 2022",4759,272,298,547,,,Disabled,"Not verified",,"Not protected",https://pbs.twimg.com/profile_images/1605850617091850240/C9N6qwaW_normal.jpg
"Chief Ye",ChiefYe24,"ID 1603181051035140097","Ye’s World"," I loooooooove Ye. Cozy streamer. I stream on Cozy dot tv / ChiefTrumpster #SpacesHost","Thu Dec 15 00:12:09 +0000 2022",1610,211,980,1327,,,Disabled,"Not verified",,"Not protected",https://pbs.twimg.com/profile_images/1603181200771801088/j553dAJK_normal.jpg
1ml🌁🌅🌉🌃,gruggs8,"ID 1586763798358200321","Jesus loves you!"," #YE24
Proverbs 18:2
Ephesians 6:13
Joshua 1:9
Fuck it, we ball","Sun Oct 30 16:56:59 +0000 2022",173,755,806,7185,,,Disabled,"Not verified",,"Not protected",https://pbs.twimg.com/profile_images/1621294784148119553/76jHScUI_normal.jpg
"Vatican News",VaticanNews,"ID 121482708",Vatican," Vatican News is a service provided by the Holy See's Dicastery for Communication. Follow us for news about Pope Francis, the Vatican, and the Church.","Tue Mar 09 16:52:49 +0000 2010",413644,1,29124,257,https://www.vaticannews.va/en.html,,Enabled,Verified,,"Not protected",https://pbs.twimg.com/profile_images/1493574406890831872/Gk9flyJZ_normal.jpg
"Nettin Yoohoo YE24",AllCostsDenier,"ID 1586195010873163777",," @kanYEwest next President of the United States of America YE24 Christ is king","Sat Oct 29 03:16:10 +0000 2022",618,2167,2848,6736,,,Disabled,"Not verified",,"Not protected",https://pbs.twimg.com/profile_images/1608648244191453184/bZDNLRfj_normal.jpg
mrf,jewhategirlrape,"ID 911157448592855042",AF," the man behind the slaughter","Fri Sep 22 09:17:19 +0000 2017",270,76,484,1524,,,Disabled,"Not verified",,Protected,https://pbs.twimg.com/profile_images/1609640611547697152/7VqDDM8E_normal.jpg
"Bishop Fulton Sheen",Bishop_Sheen,"ID 1230893600948572162","United States"," Quotes from Bishop Fulton J. Sheen: TV personality, radio host, theologian, author, Emmy award winner, humble servant of Christ and His Church.","Fri Feb 21 16:35:08 +0000 2020",43444,1,591,507,,,Disabled,"Not verified",,"Not protected",https://pbs.twimg.com/profile_images/1263943312442040328/bN8S8h9i_normal.jpg
MedFirstZoomer,Zoomer_Med,"ID 1196263228038361088",," I AM HAPPY WITH THE CHOICES I MADE 
/    
ABSOLUTE LOYALTY TO NJF  
/ 
ETHAN RALPH 
/ 
JUGHEAD
/ 
SOLDIER OF YE  
/ 
OPERATION REINSTATE NJF 2 IN PROGRESS","Mon Nov 18 03:06:13 +0000 2019",1165,698,4651,31663,http://Cozy.tv,,Disabled,"Not verified",,"Not protected",https://pbs.twimg.com/profile_images/1617238974430412804/RSAKN9os_normal.jpg
"Djp YE24",DalePande,"ID 1470917711983165447",," ","Wed Dec 15 00:45:16 +0000 2021",174,403,9027,19379,,,Disabled,"Not verified",,"Not protected",https://pbs.twimg.com/profile_images/1618673102027726848/DDPbIYBJ_normal.jpg
"Unreleased Ye",unreleased_ye,"ID 1527674071936294914",," Anything and everything with Kanye’s released and unreleased music I can more than likely answer. If you want to listen to some leaks, check out my SoundCloud","Fri May 20 15:34:32 +0000 2022",10225,163,4418,12142,https://soundcloud.app.goo.gl/xRFwiwWj1EzRehi76,,Disabled,"Not verified",,"Not protected",https://pbs.twimg.com/profile_images/1536212843753873410/Ns8gyZIL_normal.jpg
"YE24 🇺🇸",Ye2024_,"ID 1079460180558000128",," YE24","Sun Dec 30 19:32:17 +0000 2018",821,595,3245,31167,http://KANYEWEST.COM,,Disabled,"Not verified",,"Not protected",https://pbs.twimg.com/profile_images/1589116318548197382/7p5r_7id_normal.jpg
"covfeferespecter ☕️",covfeferespectr,"ID 1461470044475605002",," Catholic🇻🇦• America First 🇺🇸

I have sworn upon the altar of God eternal hostility against every form of tyranny over the mind of man. -Thomas Jefferson","Thu Nov 18 23:03:19 +0000 2021",457,716,1674,7635,,,Disabled,"Not verified",,"Not protected",https://pbs.twimg.com/profile_images/1499521797745741829/vb8WVIVz_normal.jpg
louis,angloontheapp,"ID 2989441184",," 🇻🇦|☝🏻|🥂","Mon Jan 19 06:47:15 +0000 2015",326,180,649,3123,,,Disabled,"Not verified",,"Not protected",https://pbs.twimg.com/profile_images/1604538836759056384/UPr-0h2q_normal.jpg
"Bill X🇺🇸✝️",Bill4Christ,"ID 1485858118508683267",Cozy.tv/nick," Servant of Christ, traditionalist, monarchist, nationalist. NJFG4L. #YE24 🇷🇺Z. I follow back. Currently reading: 1984 by George Orwell","Tue Jan 25 06:12:51 +0000 2022",911,1594,1387,4111,,,Enabled,"Not verified",,"Not protected",https://pbs.twimg.com/profile_images/1526031296937357312/vkCLjUda_normal.jpg
Patton⭐️🇻🇦,GSPreal,"ID 1603037299578736640",," Catholic","Wed Dec 14 14:41:20 +0000 2022",654,491,2246,2684,,,Disabled,"Not verified",,"Not protected",https://pbs.twimg.com/profile_images/1604849310075682816/cwFSf0us_normal.jpg
"ʏᴇ₂₄ 🅉 🇨🇳🫡BALLOON RESPECTER",DeathConEnjoyer,"ID 1590703923337170944","ZOG hell"," Noticer. Ye for President. #YE24 🅉 #LOVESPEECH 🇷🇺🇨🇳🇸🇾🇵🇸🇮🇷

BRICS, BRI, SCO, EURASIA, Multipolarity, ANTI-ZOG

Parody.","Thu Nov 10 13:52:49 +0000 2022",408,700,2049,9382,,,Disabled,"Not verified",,"Not protected",https://pbs.twimg.com/profile_images/1616606266125590528/VD_Ks-NJ_normal.jpg
lukeYE24,lukes_6000000,"ID 1599682588985413635",," AF “Shoutout to this young guy, he’s doing a good job.” -Steve Franssen","Mon Dec 05 08:30:37 +0000 2022",578,760,1228,6534,http://cozy.tv,,Enabled,"Not verified",,"Not protected",https://pbs.twimg.com/profile_images/1618293079886422016/dFKCpGbb_normal.jpg
"Cozy Clips",cozy_clips,"ID 1471312889478885379",," Top Tier Original Memes. Funny Clips. Epic Edits. Christ is King. America First. Unofficial. Not affiliated with the Cozy team. All Love.","Thu Dec 16 02:55:17 +0000 2021",924,66,61,58,,,Disabled,"Not verified",,"Not protected",https://pbs.twimg.com/profile_images/1617985656420028417/cygLwU9R_normal.jpg
"B҉҉҉l҉a҉҉҉¢҉k҉҉҉ ҉҉҉$҉W҉҉҉A҉҉҉|҉҉҉\҉҉҉|҉҉҉",AFCryptid,"ID 1188162952299450368",," Veni Sancte Spiritus 🕊️
Braap Exile Co-Conspirator 🐒
Founder of Sussy Squad 😻
GG77 🐝","Sat Oct 26 18:38:25 +0000 2019",1267,473,3145,22404,,,Disabled,"Not verified",,"Not protected",https://pbs.twimg.com/profile_images/1617957593044992000/DncqZgRR_normal.jpg
"Sebastian from La La Land",JovialSeb,"ID 1603958097478721536","LaLa Land"," Chipper and Jovial Kai","Sat Dec 17 03:39:50 +0000 2022",1894,401,500,1546,,,Disabled,"Not verified",,"Not protected",https://pbs.twimg.com/profile_images/1614569917025746947/C_KuaORQ_normal.jpg
"ye’s top guy 🧃",yefanaccount,"ID 1600712353464598529",Cozy.tv," ye soldier","Thu Dec 08 04:42:42 +0000 2022",109,104,387,638,,,Disabled,"Not verified",,"Not protected",https://pbs.twimg.com/profile_images/1600901428876382210/7bkSUYtV_normal.jpg
cozy.tv,cozytvofficial,"ID 1596618068767264771",," The official Twitter account for https://t.co/FkxH0carJ1!","Sat Nov 26 21:33:33 +0000 2022",5469,1,9,1,http://cozy.tv/about,,Disabled,"Not verified",,"Not protected",https://pbs.twimg.com/profile_images/1604191366619090944/HrPc0BK-_normal.jpg
tc,stitchceI,"ID 1587524967188439040",," original gloyper","Tue Nov 01 19:20:31 +0000 2022",480,234,1166,4286,,,Disabled,"Not verified",,"Not protected",https://pbs.twimg.com/profile_images/1608483167610220544/Bga5U0eq_normal.jpg
"ye crusade",yecrusade,"ID 1601009335320076290",," 🧃 #FreeYE 🧃 #FreeNickFuentes 🧃","Fri Dec 09 00:22:36 +0000 2022",309,307,475,2248,,,Disabled,"Not verified",,"Not protected",https://pbs.twimg.com/profile_images/1601297953351761920/U_aE5-2w_normal.jpg
"woozuh YE24",Kingwoo67,"ID 1329231299521900545","Salt Lake City, UT"," Award winning cozy streamer and member of the Church of Jesus Christ of Latter Day Saints ❤️","Thu Nov 19 01:13:41 +0000 2020",2117,255,3187,3673,http://cozy.tv/woozuh,,Disabled,"Not verified",,"Not protected",https://pbs.twimg.com/profile_images/1603236401276805120/PlEkEIx__normal.jpg
R.O.B,R_O_B_YE24,"ID 1600701310298374145",," ","Thu Dec 08 03:58:35 +0000 2022",13,21,68,35,,,Disabled,"Not verified",,"Not protected",https://pbs.twimg.com/profile_images/1607182547917627393/LbpcWGNa_normal.jpg
SleepyYe,Y32024,"ID 1594401084218527747",," ✝️ AF YE 2024","Sun Nov 20 18:44:04 +0000 2022",942,696,1122,2404,,,Disabled,"Not verified",,"Not protected",https://pbs.twimg.com/profile_images/1594406107816071168/V1sYC42E_normal.jpg
"Baked Alaska",bakedalaska,"ID 108465379","west palm beach"," j6 prisoner | i love everyone ❤️ | YE24","Tue Jan 26 01:21:42 +0000 2010",130208,226,36334,131728,https://givesendgo.com/bakedalaska,,Enabled,"Not verified",,"Not protected",https://pbs.twimg.com/profile_images/1602066678556262401/Dd8K3bcO_normal.jpg
"Shane Cashman",ShaneCashman,"ID 20008037",," Writer for @timcast • Author of Tales From the Inverted World, Joyless Kingdom, and The Fucking Lunatic","Tue Feb 03 22:02:12 +0000 2009",13709,1120,4037,17175,https://linktr.ee/shanecashman,,Disabled,"Not verified",,"Not protected",https://pbs.twimg.com/profile_images/1572738576126775297/WcW4CD3-_normal.jpg
baller,ballbr,"ID 446282869",baller," MIT computer scientist","Sun Dec 25 14:35:23 +0000 2011",2806,227,1362,2205,http://mp3.agency,,Disabled,"Not verified",,"Not protected",https://pbs.twimg.com/profile_images/1601423347556012032/M6CIhBl-_normal.jpg
"(♰) Orange Eagle #Ye24",PunishedEagle,"ID 1574805474775420935",California," Christ is King

One day, I'll be back with 1.3K","Tue Sep 27 16:57:51 +0000 2022",344,167,255,913,,,Disabled,"Not verified",,Protected,https://pbs.twimg.com/profile_images/1611945794176962561/fUAE05Es_normal.jpg
"Tony Barone",Tony_BarNone,"ID 1598509415899996162","New Swabia"," ","Fri Dec 02 02:48:56 +0000 2022",295,399,880,742,,,Disabled,"Not verified",,"Not protected",https://pbs.twimg.com/profile_images/1610140138251616257/eD0EraRl_normal.jpg
"delusional zoomer",delusionzoomer,"ID 1600319314535538689",," moderately insane groyper","Wed Dec 07 02:40:41 +0000 2022",228,174,1036,544,,,Disabled,"Not verified",,"Not protected",https://pbs.twimg.com/profile_images/1600568973434699790/Kbgy5q3c_normal.jpg
🌨️,internetursidae,"ID 2989440758",t.me/pastypocket," :)","Mon Jan 19 06:47:23 +0000 2015",621,235,2926,11491,,,Disabled,"Not verified",,"Not protected",https://pbs.twimg.com/profile_images/1611818159064891394/FXG7KlQB_normal.jpg
"Act Now!",Antisemitic247,"ID 1589387969261076483",Innernet," We must secure the existence of our people and a future for all children.","Sun Nov 06 22:43:24 +0000 2022",265,550,4617,12637,http://buymybonerpills.com,,Disabled,"Not verified",,"Not protected",https://pbs.twimg.com/profile_images/1607890390497067009/KIrbZ8oh_normal.jpg
"Roger Stone",RogerJStoneJr,"ID 47253057",," American Political Icon, New York Times Bestselling Author, Trump-loyalist, veteran GOP operative, libertarian conservative. https://t.co/YSHlmOKSaL 5 P.M. EST.","Mon Jun 15 03:51:50 +0000 2009",383344,3349,33232,4523,https://rogerstone.substack.com/p/welcome-to-stone-cold-truth,,Enabled,"Not verified",,"Not protected",https://pbs.twimg.com/profile_images/881721994328363008/FxyU1qMF_normal.jpg
"Reactionary Groyper YE24",groypergreen07,"ID 1518815025233768448",," Sedevacantist Traditional Catholic/ Reactionary/ America First Nationalist/ Loyal Groyper/ Part-Time Writer/ Content Creator & Meme Poster","Tue Apr 26 04:51:45 +0000 2022",2129,196,1110,1571,https://t.me/reactionarygroyper,,Disabled,"Not verified",,"Not protected",https://pbs.twimg.com/profile_images/1584266590618779648/QjWLExjs_normal.jpg
"Jacob Arnolds",JArnolds1990,"ID 1599996877457457152",," ","Tue Dec 06 05:20:13 +0000 2022",22,177,63,271,,,Disabled,"Not verified",,"Not protected",https://pbs.twimg.com/profile_images/1599997379024920577/DZG3A0VO_normal.jpg
"Clone Engineer",checkmerc,"ID 1596209207279292417",," One more groyper reporting for duty sir. NJFG4L #AF","Fri Nov 25 18:28:34 +0000 2022",172,220,207,6219,,,Disabled,"Not verified",,"Not protected",https://pbs.twimg.com/profile_images/1596209918473814016/uOGomtEx_normal.jpg
"Little Guy Enjoyer",respawnreload69,"ID 1587675175226642432",," YOU WILL UNBAN NICK FUENTES","Wed Nov 02 05:17:17 +0000 2022",335,398,560,8462,,,Disabled,"Not verified",,"Not protected",https://pbs.twimg.com/profile_images/1591137623153774592/1uUdp08j_normal.jpg
"YE 24 Media Team",YE24USA,"ID 1585728252198653952","portland oregon"," YE 2024. Ye' will be president! Join the Ye 2024 Train!","Thu Oct 27 20:21:04 +0000 2022",662,847,619,1045,,,Disabled,"Not verified",,"Not protected",https://pbs.twimg.com/profile_images/1596423997180506112/JbJkkzb1_normal.jpg
"Dr Taylor Marshall™️",TaylorRMarshall,"ID 19738104","Texas, USA"," Bestselling author of “Infiltration” and 10 other books. Podcaster and YouTuber. Husband, and Father to 8 children. Please say a prayer for me. My Podcast link:","Thu Jan 29 22:10:33 +0000 2009",130301,343,9496,73965,https://www.youtube.com/drtaylormarshall,,Disabled,"Not verified",,"Not protected",https://pbs.twimg.com/profile_images/1590102627240579077/p5kvvfju_normal.jpg
"Alexander Augustine",WurzelRoot,"ID 1301316133501448192","America First"," I HATE THE ANTI CHRIST","Thu Sep 03 00:28:49 +0000 2020",16130,102,1319,892,http://linktr.ee/Wurzelroot,,Disabled,"Not verified",,"Not protected",https://pbs.twimg.com/profile_images/1378845234763796483/nupEOX3w_normal.jpg
"Andrew Anglin",WorldWarWang,"ID 1506831756","Lagos, Nigeria"," #YE24

#Jesus

I endorse everything.","Tue Jun 11 21:13:54 +0000 2013",16566,533,3144,2808,http://bible.com,,Disabled,"Not verified",,"Not protected",https://pbs.twimg.com/profile_images/1604043212821127169/3WchInmg_normal.jpg
🩺PharmacopYE-ist💊,FarAwayAndCozy,"ID 893348197040566272","☣️Groyper Blacksite☢️"," 💊🍬Better Living through Pharmaceuticals ™️🍭 follow for the next Rx drop.. first ones free","Fri Aug 04 05:49:42 +0000 2017",2692,2093,3720,2402,http://CozyDOTtvNot.com,,Disabled,"Not verified",,"Not protected",https://pbs.twimg.com/profile_images/1609389113613885441/9GVAeGLS_normal.jpg
"Spinach 🥗",basedspinach,"ID 1322060763243122689","eating spinach rn"," I like my spinach based and christpilled 🥂","Fri Oct 30 06:20:28 +0000 2020",18269,691,7059,12695,,,Disabled,"Not verified",,"Not protected",https://pbs.twimg.com/profile_images/1614029356887572481/zdGMytnp_normal.jpg
"Modern Monarchist",Monarchi1Modern,"ID 1596388313401032704","Wroclaw, Poland"," Dom współczesnego monarchisty 

Gospodarz programu The Modern Monarchist Show 

NJF na całe życie Glo Gloyper 

Tradycyjna książka katolicka","Sat Nov 26 06:20:25 +0000 2022",1256,449,554,707,https://youtube.com/channel/UC1CO-dUbC7YHRWeqfXfh-Nw,,Disabled,"Not verified",,"Not protected",https://pbs.twimg.com/profile_images/1604191758577197056/5URuRO8Z_normal.jpg
"Pope Francis",Pontifex,"ID 500704345","Vatican City"," Welcome to the official Twitter page of His Holiness Pope Francis","Thu Feb 23 11:38:07 +0000 2012",18930723,8,4673,0,http://www.vaticannews.va,,Disabled,Verified,,"Not protected",https://pbs.twimg.com/profile_images/507818066814590976/KNG-IkT9_normal.jpeg
"Donald J. Trump",realDonaldTrump,"ID 25073877","Washington, DC"," 45th President of the United States of America🇺🇸","Wed Mar 18 13:46:38 +0000 2009",87686108,50,59141,0,http://Vote.DonaldJTrump.com,,Enabled,Verified,,"Not protected",https://pbs.twimg.com/profile_images/874276197357596672/kUuht00m_normal.jpg
"Classical Theist ✠",ClassicalTheis,"ID 92844900",USA," Dionysian-Thomist •“In God it is impossible that existence be distinct from essence”-St Thomas • not a priest","Thu Nov 26 22:04:22 +0000 2009",33078,289,10195,16097,,,Disabled,"Not verified",,"Not protected",https://pbs.twimg.com/profile_images/1276366907881541632/5EJKuTq8_normal.jpg
"speckzo 🇻🇦 YE24",mrspeckzo,"ID 1595372281110450176",," 6'5 Catholic zealot, husband, and father of 2. Kingship of Christ is my political ideology. Co-host of Logos Triumphant on https://t.co/jCXNMritbW","Wed Nov 23 11:02:56 +0000 2022",2140,331,464,515,http://t.me/speckzo,,Disabled,"Not verified",,"Not protected",https://pbs.twimg.com/profile_images/1597368458999742465/v05Pz5I5_normal.jpg
"Canceling Hate",rightweengwatch,"ID 1594411911679946753",," A project that monitors and exposes the racist, sexist, anti-semetic, and fascist activities of Nick Fuentes and the America First political organization.","Sun Nov 20 19:26:50 +0000 2022",2091,42,56,1670,,,Disabled,"Not verified",,"Not protected",https://pbs.twimg.com/profile_images/1599567505030189058/qmKD9MD2_normal.jpg
"Joshua 🇻🇦",JoshDog391,"ID 1595512162918797334",," Jesus Christ Is King. SPQR. Ye24. NJF4L.","Wed Nov 23 20:19:13 +0000 2022",154,469,20,183,,,Disabled,"Not verified",,"Not protected",https://pbs.twimg.com/profile_images/1597545468111757318/5VO8eVBL_normal.jpg
DiedSuddenly,DiedSuddenly_,"ID 1577761560394665984","Florida "," #DiedSuddenly || Released November 21 2022","Wed Oct 05 20:44:11 +0000 2022",276925,66,995,267,https://diedsuddenly.info,,Enabled,"Not verified",,"Not protected",https://pbs.twimg.com/profile_images/1577762653904199681/WKcpSrnf_normal.jpg
"Jake Shields",jakeshieldsajj,"ID 80233893",," former UFC/MMA fighter 5 time world champion","Tue Oct 06 06:24:26 +0000 2009",306171,1121,48161,34300,,,Disabled,Verified,,"Not protected",https://pbs.twimg.com/profile_images/1486627615116959745/Sen8DgAC_normal.jpg
"Dalton Clodfelter",TRightDissident,"ID 1587353219184959490","Orlando, FL"," ➥ Reactionary Radio™ on https://t.co/IJVv32CF4k ➦ The Right Dissident™ on https://t.co/aCWIWTGSIx","Tue Nov 01 07:58:01 +0000 2022",3609,145,1206,3041,http://cozy.tv/daltonclodfelter,,Enabled,"Not verified",,"Not protected",https://pbs.twimg.com/profile_images/1620653110380085249/37W1DCkw_normal.jpg
"Ethan Ralph",TheRalphRetort,"ID 113137765","Mérida, Yucatán"," Infamous. Host of the Killstream.","Wed Feb 10 20:49:05 +0000 2010",63223,1626,142000,169685,https://cozy.tv/ethanralph,,Enabled,Verified,,"Not protected",https://pbs.twimg.com/profile_images/1597261514716618758/AO61wLFC_normal.jpg
"Ye Live",Ye_Live1,"ID 1557961082551025664",," Filmmaker #YE24 Portfolio: https://t.co/ncNpLm0D9L…","Fri Aug 12 05:24:34 +0000 2022",486,92,399,1108,,,Disabled,"Not verified",,"Not protected",https://pbs.twimg.com/profile_images/1612996905708961792/TxIkyJMl_normal.jpg
"Ye War Room",Ye24Warroom,"ID 1596577770963877889",," Official War Room Dedicated to helping the YE24 Presidential Campaign - @KanyeWest #YE24","Sat Nov 26 18:53:45 +0000 2022",2838,3,4,4,,,Disabled,"Not verified",,"Not protected",https://pbs.twimg.com/profile_images/1615893392482865152/0e45wjMW_normal.jpg
"E. Michael Jones",EMichaelJones1,"ID 1116345515761909760",," Official account of E. Michael Jones: Catholic best selling author and editor of Culture Wars Magazine. Mag: https://t.co/zjBcHvz2gm  Books: https://t.co/GORHLh4yoT","Thu Apr 11 14:21:26 +0000 2019",39846,221,1368,1156,http://www.CultureWars.com,,Disabled,"Not verified",,"Not protected",https://pbs.twimg.com/profile_images/1227682785562746881/Whu8v_Yz_normal.jpg
Tenryo「天領」,TenryoTheLight,"ID 2823519510","Brooklyn, NY"," President of #ChaosCode  •  #AmericaFirst  • #YE24 •  Real Human Being
English tweets by day, Japanese tweets by night.

Die on your knees or die on your feet.","Sun Sep 21 06:16:15 +0000 2014",5430,624,13761,13287,https://cozy.tv/tenryo/,,Disabled,"Not verified",,"Not protected",https://pbs.twimg.com/profile_images/1422039082570502145/qsSQURtn_normal.jpg
"Students For Ye",Students_Ye,"ID 1530129316901699585",studentsforye@protonmail.com," Official Students For Ye Twitter 🕊️ JOIN OVER 1,000 STUDENTS: https://t.co/fttZBO2H4p","Fri May 27 10:14:05 +0000 2022",9197,3,89,23,http://bit.ly/Students4Ye,,Disabled,"Not verified",,"Not protected",https://pbs.twimg.com/profile_images/1615886973599612928/jJqNeZ3K_normal.jpg
Dewey,deweyepicly,"ID 1105678905187262464",," YE24","Wed Mar 13 03:56:08 +0000 2019",32,53,216,2344,http://cozy.tv/nick,,Disabled,"Not verified",,"Not protected",https://pbs.twimg.com/profile_images/1597117689788387329/HWJ1PKzN_normal.jpg
"George Floyper YE24",floydgeorge254,"ID 1507747291611996161",groypville," 🇻🇦
citizen of groypville","Sat Mar 26 15:54:32 +0000 2022",25,83,271,581,http://cozy.tv,,Disabled,"Not verified",,"Not protected",https://pbs.twimg.com/profile_images/1520925177982316544/6bscA4mT_normal.jpg
"Candace Owens",RealCandaceO,"ID 878247600096509952","New York, USA"," New York Times best-selling author. Founder of @BLEXIT organization. Black people don’t have to be Democrats— still.","Fri Jun 23 13:45:19 +0000 2017",3379563,48,7459,21146,https://www.simonandschuster.com/books/Blackout/Candace-Owens/9781982133276,,Disabled,Verified,,"Not protected",https://pbs.twimg.com/profile_images/1580213575846592513/gCjzt4s4_normal.jpg
"YE Baja Boy",TheBajaboi,"ID 1585822019194540033",," YE24🕊 AF🇺🇸","Fri Oct 28 02:33:57 +0000 2022",43,75,84,1053,,,Disabled,"Not verified",,"Not protected",https://pbs.twimg.com/profile_images/1614550194309435392/lnyh6LXI_normal.jpg
SNEAKO,sneako,"ID 588703829",Rumble," Seek Truth Through Funny - Live 8pm EST Everyday https://t.co/z3NknvKmtK","Thu May 24 00:51:27 +0000 2012",280981,376,18914,20123,http://thecreativitykit.com,,Enabled,"Not verified",,"Not protected",https://pbs.twimg.com/profile_images/1548783681610866691/UcBDtR3V_normal.jpg
"Elon Musk",elonmusk,"ID 44196397",," ","Tue Jun 02 20:12:29 +0000 2009",127890283,177,22559,17739,,,Disabled,Verified,,"Not protected",https://pbs.twimg.com/profile_images/1590968738358079488/IY9Gx6Ok_normal.jpg
